{
  "data": [
    {
      "name": "Criminal Mentions Court",
      "date": "01/06/2022"
    },
    {
      "name": "Pre Trial Conference",
      "date": "24/06/2022"
    },
    {
      "name": "1st Case Disclosure Conference",
      "date": "05/08/2022"
    },
    {
      "name": "2nd Case Disclosure Conference",
      "date": "05/09/2022"
    },
    {
      "name": "3rd Case Disclosure Conference",
      "date": "15/10/2022"
    },
    {
      "name": "Criminal Trial",
      "date": "20/11/2022"
    },
    {
      "name": "Sentence Hearing",
      "date": "13/02/2023"
    }
  ]
}