{
  "data": [
    {
      "name": "Criminal Mentions Court",
      "para": "Location: 1 Havelock Square, Singapore 059724\n\nTime:11am\n\nWhat to bring:\n\nYour identity card (NRIC), work permit, passport or other official identification document that has your photo and personal particulars (photo ID).\nA valid letter of authorisation (if representing an organisation).\n\nAs an accused person in a criminal case, you will have to first attend the Criminal Mentions Courts. At the Criminal Mentions Court, you will be:\n\nFormally charged for the offences you have allegedly committed.\nGiven the opportunity to either plead guilty or claim trial.\n\nA Warrant of Arrest may be issued against you if you do not attend court. If you have valid reasons why you cannot attend court on the date and time stated, you should apply to change your mention date via ICMS or in writing to the court.\n\nIf you do not attend court while on bail (also known as jumping bail), your bailor will have to explain to the court whether they took reasonable steps to comply with their bailor duties. If the court does not consider their actions reasonable, it may forfeit any money or property pledged as security for bail.What to do:\n\nAt the Mentions Court, you will see many other cases being heard. Listen for your name, stand up when you are called and show the court officer your identification document. You may then be directed to stand in the dock, and be asked for the language of your choice."
    },
    {
      "name": "Pre Trial Conference",
      "para": "Location: 1 Havelock Square, Singapore 059724\n\nTime:2.30pm\n\nThe purpose of the PTC is to prepare you and the prosecution for trial, and to deal with relevant matters before the trial date is scheduled.\n\nYou have to attend the PTC together with the prosecution (who will be represented by a prosecuting officer). \n \n You and the prosecution will inform the judge of the evidence you will present at trial and the witnesses you will call.\n\nOnce all relevant matters in preparation for trial, including a CCDC (if applicable), have been sorted out and parties are ready for trial, the judge will then schedule the case for trial.\n\nYou should prepared to do the following:\n\nAsk if the prosecution intends to use any written statements you gave to the police during investigation; and if so, you may request for a copy of that statement.\nIndicate to the court the number of witnesses that you wish to call at the trial. \nIf you or your witnesses are not comfortable giving evidence in English, inform the judge you require an interpreter.\n\nThe judge may also ask you for an indication of the defences that you intend to rely on. It would be useful for you to think about this before the PTC."
    },

    {
      "name": "1st Case Disclosure Conference",
      "para": "Location: 1 Havelock Square, Singapore 059724\n\nTime:1pm\n\nThe criminal case disclosure conference (CCDC) process is a formal system of disclosing information about the case by you and the prosecution to facilitate the trial process. Before trial, parties have a legal duty to outline their cases and the evidence they will be relying on.\n\nAs you have opted to prepare for the Criminal Case Disclosure, you will need to prepare documents and send them to the prosecution by the dates set by the judge. This involves the service and exchange of information, documents and facts about the case within timelines set by the court.\n\nThe court will direct the prosecution to prepare and provide hard copies of the Case for the Prosecution to you. For cases heard in the District Court, this will contain the charge against you, the summary of facts and the evidences the Prosecution is relying on.\n\nAfter you have received the prosecution’s case, you should:\n\nRead and consider it carefully. It contains evidence on which the prosecution will be relying on to prove your guilt.\nReview the prosecution's case and decide whether you still want to claim trial or plead guilty\nInform the court of your decision during the next CCDC."
    },

    {
      "name": "2nd Case Disclosure Conference",
      "para": "Location: 1 Havelock Square, Singapore 059724\n\nTime:4pm\n\nYou will need to prepare the following documents for your Case for the Defence:\n\nA summary of your defence and the relevant supporting facts you wish to rely on.\nA list of your witnesses.\nA list describing the documents and items you intend to produce in court as your evidence.\nAny objections you may wish to raise to the Case for the Prosecution.\n\nYou must:\n\nPrepare your Case for the Defence in English.\nProvide a copy of your case to the court as well as the prosecution within the timeline stipulated by the court.\n\nIf you need help with the legal aspects of your Case for the Defence, you should seek legal advice."
    },

    {
      "name": "3rd Case Disclosure Conference",
      "para": "Location: 1 Havelock Square, Singapore 059724\n\nTime:3.30pm\n\nBy the third CCDC, the judge will ask you and the prosecution to indicate your respective positions. This means that the prosecution will decide whether to proceed with the charges, and you should decide whether you want to proceed to trial or plead guilty. Once these matters are sorted, the judge will schedule the case for trial."
    },

    {
      "name": "Criminal Trial",
      "para": "Location: 1 Havelock Square, Singapore 059724\n\nTime:2pm\n\nOn the day of your criminal trial, you should:\n\nAlways arrive early. If you are late or absent without a valid reason, a warrant of arrest may be issued against you.\nFind your way to the courtroom or the hearing chamber in advance. Refer to the building directory for more information.\nConfirm your case is heard in the venue you are about to enter. Inform the court officer before entering, if applicable.\nDress neatly and decently when attending court. Refer to the visitors' guide for the appropriate dress code.\n\nDuring the trial, both the prosecution and you will be given enough time and opportunity to present your case and evidence. The judge may ask questions to clarify, or obtain information if it assists the court. This is done so that they have all the necessary evidence to come to a decision.\n\nYou are expected to observe court etiquette at each stage of the court proceedings. You should:\nStand up and bow to show respect when the judge enters and leaves the courtroom.\nStand when the judge stands or when you speak.\nWait patiently for your turn to speak.\nAddress the judge as 'Your Honour', the prosecution as 'the learned prosecutor' and the witness by their surname, for example 'Mr Tan' or 'Miss Kamala'.\nTake your own notes. If you require pen and paper, you may request for them from the court officer. If you wish to use a laptop to take notes, you need to seek the court's permission to do so.\nSwitch off all mobile devices or activate the silent mode when the court is in session."
    },

    {
      "name": "Sentence Hearing",
      "para": "Location: 1 Havelock Square, Singapore 059724\n\nTime:10am\n\nBefore the Sentencing Hearing\nYou should prepare your mitigation plea.\n\nA mitigation plea is an oral or written statement containing information about yourself or the circumstances of the crime that may result in a lower sentence. Whether you plead guilty or are found guilty after the trial, you have a right to make a plea in mitigation before sentence is passed.\n\nAfter conviction, the prosecution will inform the court of other charges they wish the court to take into consideration for the purpose of sentencing. These are also called TIC charges.\n\nIf there are TIC charges, these charges will be explained to you. You will then be asked whether you admit to these charges and consent to have them taken into consideration for the purpose of sentencing.\n\nIf you refuse, the judge will not be able to take these charges into consideration. This also means that the prosecution may decide to proceed to trial against you concerning these remaining charges.\n\nThe prosecution will next inform the court of your previous criminal record. This is known as antecedent records or antecedents. Your antecedent records are shown and explained to you before you are asked to confirm if they are correct.\n\nIf you do not agree, the prosecution will have to prove the contents of the criminal record through a Newton hearing. If you agree, the prosecution will make a proposal on the sentence to be imposed by the court, also known as submissions on sentence.\n\nAfter the prosecution has made their submissions, you will be asked to present your mitigation plea to the judge.\n\nYour mitigation plea is important. This is because you can raise relevant mitigating factors so that the judge may understand the overall circumstances of the offence and arrive at an appropriate sentence.\n\nIt is also an opportunity for you to inform the judge if you disagree with the prosecution on their proposed sentences. The prosecution will reply after you have submitted your mitigation plea.\n\nAfter hearing the submissions on sentence and mitigation plea, the judge will consider the appropriate sentence. Some factors the judge will take into consideration include:\n\nThe nature and severity of your offence.\nThe circumstances surrounding the commission of the offence.\nThe degree of planning in committing the offence.\nThe extent and nature of harm caused.\nThe points raised in your mitigation plea.\nYour criminal record."
    },
    {
      "name": "Simplified Case Conference",
      "para": "What is a simplified case conference: \n\nThe Civil Simplified Case Conference (Civil Simplified CC) is central to the simplified civil process. At the Civil Simplified CC, the court will assist the you to:\nNarrow down the issues between them.\nDeal with any relevant issues which may arise (interlocutory matters).\nFacilitate an early resolution of the dispute without going to trial.\n\nThis may include the use of negotiation and any alternative dispute resolution (ADR) process.\n\nWhen do we need to attend the case conference:\n\nFor cases heard in the Magistrate's Court, a Civil Simplified CC is generally convened within 7 weeks after the defendant files their defence. The court will notify you in a notice to attend a Civil Simplified CC within 8 days of the filing of the defendant's defence.\n\nIs attendance compulsory for the case conference:\n\nParties must attend every Civil Simplified CC. If one or more of the parties fails to attend the Civil Simplified CC without valid reasons, the court may:\n\nGive a judgment or dismiss the case.\nMake any other order, or give any direction, as the court thinks appropriate given the circumstances.\n\nYou will not be allowed to adjourn any Civil Simplified CC without valid reasons. For example, the consent of both parties to adjourn a Civil Simplified CC is not considered a sufficient reason for an adjournment.\n\nCases a case conference applies to:\n\nA Civil Simplified CC is conducted for all cases which the simplified civil process applies to, except for:\n\nNon-injury motor accident (NIMA) claims.\nPersonal injury (PI) claims.\nClaims in negligence (including professional negligence and medical negligence claims).\n\nNIMA, PI and negligence cases are channelled to the State Courts' Court Dispute Resolution Cluster (CDRC) where experienced judges will assist parties by providing liability indications based on information on the accident given by the parties.\n\nIf your claim falls within either of these categories, you may refer to the Pre-action Protocol for Personal Injury Claims and Non-injury Motor Accident Claims (Appendix B of the State Courts Practice Directions 2021), the Guidelines for Court Dispute Resolution Case Conferences for Personal Injury Claims and Non-injury Motor Accident Claims (Appendix C of the State Courts Practice Directions 2021) or the Protocol for Medical Negligence Claims (Appendix E of the State Courts Practice Directions 2021) for more information.\n\nYou may also click here to find out more about the various types of case conferences in the State Courts and the cases to which they apply."
    },
    {
      "name": "Simplified Civil Trial",
      "para": "Time taken for a trial:\n\nIn general, simplified civil trials do not exceed 1 day to save time and costs for the parties.\n\nDocuments to file at trial:\nParties should file the following documents before the simplified civil trial:\n\nA bundle of affidavits of evidence-in-chief (AEIC).\nA bundle of documents.\nOpening statements.\n(Optional) A bundle of authorities.\n\nRefer to the following to find out how to prepare them, and when and where to file them.\n\nA bundle of affidavits of evidence-in-chief contains the originals of your witnesses' affidavits that you intend to rely on at trial. You must file the bundle of affidavits of evidence-in-chief.\n\nFind out how to prepare an affidavit.\n\nTo prepare for the trial, you should also:\n\nFamiliarise yourself with all the affidavits of evidence-in-chief you have filed.\nPrepare a list of questions to ask your witnesses and the other party's witnesses.\n\nA bundle of documents contains the documents that you will be relying on or referring to in the course of the trial, including any documents that are exhibited in the AEICs of all witnesses.\n\nIf you are the party who filed the claim (the claimant), you must file the bundle of documents within timelines directed by the court.\n\nThe contents of the bundle of the documents should be agreed on between all parties as far as possible. If parties are unable to agree on the inclusion of certain documents, the documents on which agreement cannot be reached should be included in separate bundles.\n\nEach of the separate bundles should be filed by the party that intends to rely on or refer to the documents in these bundles at the same time as the main bundle of documents. Only documents that are relevant or necessary for the trial should be included in the bundles.\n\nAn opening statement is a written summary of your case and the issues to be decided by the court, both of fact and law\n\nThis enables the judge to appreciate what the case is about, and what the judge is to look out for when reading and listening to the evidence that will follow.\n\nOpening statements also help to clarify issues between the parties, so that unnecessary time is not spent on trying to prove what is not disputed or irrelevant.\n\nHow to prepare:\nYou will have to file and serve their opening statement on the other party before the trial. \n\nIn the case of the claimant, the statement must include the following: (i) a summary of essential facts indicating which, if any, are agreed; (ii) an indication of how these facts are to be proved, identifying relevant witnesses and documents; (iii) a summary of the issues involved with cross-references as appropriate to the pleadings; (iv) a summary of the claimant’s case in relation to each of the issues with references to the key documents relied upon, and a summary of the propositions of law to be advanced with references to the main authorities to be relied on; and (v) an explanation of the reliefs claimed (if these are unusual or complicated).\n\nThe character of the other party’s opening statement will depend on the circumstances of the case. However, it should, generally, state concisely the nature of their case on each of the issues to be tried and summarise the propositions of law to be advanced with references to the main authorities to be relied on.\n\nYour opening statement is subject to a page limit of 25 pages, unless the Court has allowed the page limit to be exceeded.\n\nWhen to file:\nYou should file your opening statement within the timelines directed by the Court.\n\nA bundle of authorities contains the authorities or cases, statutes, subsidiary legislation and any other materials that you intend to rely on at trial.\n\nOnly authorities which are relevant or necessary for the trial should be included. If you are relying on any authority at the trial, you must file and serve the bundle of authorities on the other party within the timelines directed by the court.\n\nIf you are not relying on any authority at the trial, it is not necessary to file a bundle of authorities.\n\nHow to file:\nYou may choose to file the documents personally or through a lawyer. If you are represented by a lawyer, the documents will be filed by your lawyer.\n\nIf you are representing yourself, you must file all documents via eLitigation at the LawNet & CrimsonLogic Service Bureau.\n\nYou must follow the Rules of Court 2021 and the State Courts Practice Directions 2021 to prepare your documents before heading down personally to do the filing.\n\nBringing witness to court\nYou must notify all your witnesses of the trial date and the courtroom allocated for the trial. If your witness does not attend court, their affidavits you have submitted as evidence-in-chief may be rejected by the court.\n\nIf a witness is unwilling to attend court, you may apply for an order to attend Court or produce document via eLitigation requiring them to attend court on the specified date and time.\n\nThere are 3 types of Orders to attend court or produce document you may apply for, depending on the nature of your case. This includes:\n\nRequiring the witness to attend court to give oral evidence.\nRequiring the witness to produce documents without the obligation to attend court personally.\nRequiring the witness to give evidence and produce documents in court.\n\nRefer to Arrange for interpretation services if your witness is not comfortable communicating in English.\n\nEstimated fees:\n\nFile the bundle of documents - $10 and electronic filing charge of $4 plus $0.60 per page\n\nFile a order to attend court/produce documents (other than an urgent order) - $10\n\nFile an affidavit or an affidavit of evidence-in-chief - $1 per page, subject to a minimum fee of $10 per affidavit\n\nFile the bundle of authorities - electronic filing charge of $4 plus $0.60 per page"
    }
  ]
}